<?xml version="1.0" encoding="utf-8"?>
<module>
    <name>FTP Accounts</name>
    <version>100</version>
    <defaultcat>File Management</defaultcat>
    <desc>Using this module you can create FTP accounts which will enable you and any other accounts you create to have the ability to upload and manage files on your hosting space.</desc>
    <authorname>Sentora Project</authorname>
    <authoremail>info@sentora.org</authoremail>
    <authorurl>http://sentora.org/</authorurl>
    <updateurl>http://store.sentora.org/version.xml</updateurl>
</module>